Date,Close,Open,High,Low,Volume
2022-01-04,183.083,182.346,184.1623,181.6475,139130841
2022-01-05,182.4287,183.642,184.0553,181.1695,89754383
2022-01-06,183.9274,182.9393,184.026,181.9244,98544005
2022-01-07,187.8534,184.9213,188.6288,184.3414,51569720
2022-01-10,186.9118,188.6367,190.9947,185.3269,76293611
2022-01-11,185.975,187.341,188.1339,185.0571,55181930
2022-01-12,190.1015,185.9098,191.3094,184.8931,88689071
2022-01-13,192.0047,188.5227,193.9313,186.4626,93878697
2022-01-14,190.3646,192.4171,192.869,188.5189,137457467
2022-01-17,191.6283,190.5622,193.708,190.164,147428812
2022-01-18,190.0088,191.8885,192.6045,189.4474,65955843
2022-01-19,188.3964,188.7958,188.8496,188.1803,71691366
2022-01-20,188.7975,187.378,191.237,184.7154,76875637
2022-01-21,183.096,189.7917,191.5602,182.4974,105614081
2022-01-24,178.084,183.0598,184.1356,176.6175,67686426
2022-01-25,176.3148,178.6908,179.8491,174.4069,144226714
2022-01-26,173.3717,176.3398,176.6228,171.2602,65340110
2022-01-27,173.9289,173.3975,175.5271,171.854,142307454
2022-01-28,171.299,174.7449,176.1649,170.4367,56240327
2022-01-31,167.4132,170.857,170.9413,165.359,79915838
2022-02-01,170.8426,167.4936,171.4287,166.7757,106620918
2022-02-02,170.0077,170.4477,171.3928,167.6856,129966125
2022-02-03,169.9249,169.6384,170.1648,168.1232,79839934
2022-02-04,166.0385,169.6623,170.1604,164.397,132992103
2022-02-07,164.4337,166.223,167.3235,164.2286,135346315
2022-02-08,164.4606,164.04,164.5739,163.3205,68235532
2022-02-09,161.3745,165.4932,166.9127,161.1679,135313277
2022-02-10,162.0419,160.6527,165.8289,160.0078,80436906
2022-02-11,160.3389,161.8905,162.4559,158.9056,63022270
2022-02-14,159.3968,159.9863,161.1433,157.5497,73916796
2022-02-15,157.7191,160.55,163.585,157.2651,71709264
2022-02-16,161.8646,157.8741,163.1721,156.1993,81478135
2022-02-17,161.589,162.6997,163.5056,161.0545,90322851
2022-02-18,158.7829,160.3888,163.0288,158.4523,70638676
2022-02-21,160.5038,158.9949,160.5305,157.7691,56918863
2022-02-22,157.3238,161.2178,162.1567,156.1192,74693539
2022-02-23,157.5807,157.3886,157.8113,156.9557,103938971
2022-02-24,152.7123,158.4202,160.1627,152.6528,132932341
2022-02-25,149.4407,152.3173,153.1044,149.4015,56257838
2022-02-28,149.6579,150.4938,151.456,148.7498,76099300
2022-03-01,151.0911,151.3781,151.9627,150.8126,140301341
2022-03-02,151.2529,150.817,152.4064,149.7019,133744525
2022-03-03,150.7636,150.916,151.0641,149.69,60601417
2022-03-04,149.8565,151.8592,153.833,148.6154,78116038
2022-03-07,146.3083,151.0401,151.4305,144.1474,136087660
2022-03-08,144.509,145.9258,146.2204,143.4344,89028092
2022-03-09,143.2938,144.2054,144.5421,141.5782,69787044
2022-03-10,145.351,143.0919,147.1687,142.3478,87706524
2022-03-11,145.8822,144.3739,146.9128,144.2775,144064834
2022-03-14,141.8054,145.2121,145.3025,140.1609,117178382
2022-03-15,142.282,141.0934,142.4875,140.0529,134062435
2022-03-16,141.2468,141.7358,145.3564,140.1123,77082158
2022-03-17,139.6007,141.2223,141.5598,139.3692,142394931
2022-03-18,140.6722,139.7642,141.5182,139.6866,71978898
2022-03-21,142.6366,141.7627,143.1231,140.9442,90784489
2022-03-22,144.4152,141.9246,145.742,141.7239,140573844
2022-03-23,142.3806,145.126,145.2575,141.7579,115034404
2022-03-24,141.5067,142.2283,143.8648,141.1992,93640858
2022-03-25,141.9976,141.4717,143.0418,139.5777,69553590
2022-03-28,143.8624,142.4767,144.6314,140.9488,119427484
2022-03-29,142.6126,143.0549,145.1987,141.1299,115091864
2022-03-30,142.0015,142.8853,144.1199,141.059,128058309
2022-03-31,139.432,142.1197,142.6283,138.5269,62063550
2022-04-01,136.721,139.7753,141.2078,135.4651,124409123
2022-04-04,138.1823,136.9187,138.2573,136.0219,56295425
2022-04-05,140.7861,139.8787,141.7466,138.1577,59472917
2022-04-06,140.4229,140.3372,140.9674,139.0769,52429151
2022-04-07,142.326,140.0501,143.2897,139.0221,114617617
2022-04-08,142.8846,141.8826,143.6202,140.7275,113808437
2022-04-11,141.2876,142.4878,143.6618,140.9807,64700387
2022-04-12,141.8416,140.8373,142.2215,140.216,145943709
2022-04-13,144.9012,142.6849,145.3691,142.2961,122630316
2022-04-14,144.606,145.9304,147.0454,144.154,91505238
2022-04-15,147.7829,144.1933,148.2837,142.6632,142776481
2022-04-18,141.7539,147.1679,149.5962,140.5662,75492108
2022-04-19,143.2889,142.0881,144.5127,140.7586,120886205
2022-04-20,143.2611,142.8933,143.2888,142.6311,81278965
2022-04-21,142.4037,143.7145,145.3381,142.3541,92211548
2022-04-22,142.3861,142.5481,142.639,140.642,54585315
2022-04-25,137.9274,141.307,141.8183,137.36,97614485
2022-04-26,137.2661,138.9947,140.176,136.6379,138862643
2022-04-27,137.7955,138.4986,138.9732,137.7269,118879267
2022-04-28,140.6435,137.3733,140.854,136.1376,98291558
2022-04-29,139.3391,140.3708,141.4778,138.9667,124677234
2022-05-02,137.4403,139.5383,140.8638,136.8195,71706642
2022-05-03,136.1997,137.6701,140.5222,135.0887,149235365
2022-05-04,137.8656,136.6482,138.5049,136.6224,143551173
2022-05-05,138.3386,139.2513,139.6142,138.1457,50506995
2022-05-06,137.0318,138.2162,138.4312,136.7848,119294318
2022-05-09,137.8813,136.4849,138.2709,136.0814,89816526
2022-05-10,137.8753,136.9304,138.2486,136.7864,108259896
2022-05-11,139.6717,137.3714,140.0018,136.4636,119181587
2022-05-12,137.9914,139.6486,139.8368,137.5092,122336392
2022-05-13,137.1062,139.2295,140.6971,135.344,111555999
2022-05-16,136.0941,136.7513,137.8525,134.1892,100897283
2022-05-17,132.9023,136.2464,137.4888,131.4335,100859057
2022-05-18,133.2933,132.8914,134.6978,131.5176,144455633
2022-05-19,133.6153,134.0853,134.212,132.8781,110321284
2022-05-20,133.4251,135.3035,137.6002,132.8883,50287635
2022-05-23,132.7555,133.071,133.718,132.4757,50583510
2022-05-24,129.7379,132.4306,133.8047,129.4325,132467453
2022-05-25,128.7247,130.4152,130.4391,128.4833,66760394
2022-05-26,127.8699,129.1636,130.1961,127.0681,121831204
2022-05-27,126.1392,129.0505,129.5717,125.4424,133853589
2022-05-30,125.6449,126.5075,127.3583,124.7239,114513977
2022-05-31,126.2179,125.4191,126.77,124.5845,65845187
2022-06-01,129.5996,126.5907,129.8474,126.5226,138665052
2022-06-02,129.7446,130.3181,130.7005,129.0017,140221867
2022-06-03,130.0512,130.2769,130.6852,129.3416,130443169
2022-06-06,129.7109,130.3811,131.3432,128.1676,80186120
2022-06-07,125.7831,130.4027,132.0879,125.1994,69838558
2022-06-08,125.5444,126.5185,126.8447,125.3039,134486278
2022-06-09,125.4695,126.412,127.6429,124.9679,86635794
2022-06-10,129.9172,125.8764,131.4984,125.4011,105026153
2022-06-13,129.3475,129.8086,130.8454,129.2689,103979613
2022-06-14,129.7385,129.4423,130.1865,128.6733,84595998
2022-06-15,129.4763,130.5212,130.9427,128.9768,63627775
2022-06-16,127.0124,128.9475,128.9724,125.7548,100147490
2022-06-17,128.9992,127.2465,129.9318,126.3617,115743288
2022-06-20,130.2606,128.7455,130.5987,127.8316,80418772
2022-06-21,131.6109,130.2794,132.8523,129.4838,145999164
2022-06-22,129.6182,132.4521,133.7106,129.5788,105413150
2022-06-23,132.1512,129.742,132.6423,129.0328,85173714
2022-06-24,129.1741,132.1818,132.3946,128.9578,120542942
2022-06-27,130.1174,128.2958,130.4123,127.1945,127332767
2022-06-28,134.1975,130.6029,134.4754,128.1331,71219187
2022-06-29,132.0023,134.6306,135.2625,131.1723,88405257
2022-06-30,130.683,133.4301,133.937,129.2392,141209857
2022-07-01,130.6823,130.4819,131.5932,130.1647,126384571
2022-07-04,129.4994,130.8255,132.2342,128.7518,89149527
2022-07-05,126.293,129.6608,129.7919,126.0597,57438096
2022-07-06,126.2334,127.2891,129.2635,124.7658,53053407
2022-07-07,124.0326,126.1733,127.183,122.7043,79311119
2022-07-08,124.7276,124.2056,125.4039,123.5171,135303311
2022-07-11,122.8204,125.1067,125.6211,122.2251,110251437
2022-07-12,125.4916,122.935,125.6719,121.244,56818922
2022-07-13,123.829,125.2115,125.5627,121.8551,96270592
2022-07-14,123.045,123.9492,124.4342,122.2904,67929098
2022-07-15,124.362,123.7056,124.9934,123.1617,74895828
2022-07-18,121.8793,123.7237,124.822,121.0412,90553798
2022-07-19,122.1124,121.9604,122.5127,121.5826,119580185
2022-07-20,124.3235,121.6849,124.5634,121.6407,75256241
2022-07-21,121.1393,125.0663,125.7393,121.1147,65393675
2022-07-22,121.293,120.2167,123.1366,118.3705,88177374
2022-07-25,121.5839,120.9541,121.7129,120.9407,59449168
2022-07-26,122.8274,121.8132,123.785,121.1411,114052448
2022-07-27,120.3642,123.7889,124.8852,119.8894,149698011
2022-07-28,117.7996,120.3246,120.4405,116.4391,82250847
2022-07-29,118.5452,117.4726,120.6057,116.2918,105050560
2022-08-01,119.1681,119.6602,120.4714,118.3928,148004955
2022-08-02,119.7112,118.3053,120.2239,118.0413,115985129
2022-08-03,120.4291,118.3951,120.5163,118.1301,93866822
2022-08-04,119.297,120.694,121.0146,118.5427,62998017
2022-08-05,119.8081,118.9975,119.9906,118.6738,87451369
2022-08-08,120.4306,119.1963,121.1141,118.6522,143683479
2022-08-09,119.2365,120.8571,121.2782,118.3129,99987331
2022-08-10,122.6689,119.3818,123.1724,119.0654,89052395
2022-08-11,123.6389,122.3229,123.8956,121.7238,54102553
2022-08-12,121.5284,122.8474,123.5735,120.4734,78266442
2022-08-15,122.8225,122.0586,123.4272,121.2526,94674343
2022-08-16,121.1251,123.2218,124.1439,118.2674,125543722
2022-08-17,122.652,121.065,123.7176,119.8595,63474284
2022-08-18,124.8817,123.7845,125.4172,122.4465,93293890
2022-08-19,123.4443,124.2135,125.0165,122.1383,100806795
2022-08-22,125.3269,122.5027,125.6951,122.0305,136903273
2022-08-23,126.2031,124.8933,128.059,124.3465,112606106
2022-08-24,127.8603,126.1744,128.0889,125.6203,52112368
2022-08-25,131.6004,128.0159,131.9682,127.7548,77609269
2022-08-26,131.2213,131.4417,131.4621,131.0896,90373185
2022-08-29,129.8427,131.4523,131.7711,129.5021,117985200
2022-08-30,128.2141,129.0302,129.8559,128.126,73213953
2022-08-31,126.7477,129.1397,130.8095,124.4974,105229755
2022-09-01,126.7025,126.6957,127.7706,126.4628,55782197
2022-09-02,127.4523,127.4104,128.541,126.5425,147978397
2022-09-05,128.0832,127.6707,129.057,127.4917,63317715
2022-09-06,129.7749,128.3757,131.5509,125.3098,129007515
2022-09-07,129.904,130.1446,130.2534,129.5221,129806232
2022-09-08,132.8403,130.1948,133.0197,129.8683,128967903
2022-09-09,132.4192,133.2672,133.3418,131.4427,82308604
2022-09-12,137.9281,133.2992,139.2102,132.7845,70849083
2022-09-13,139.3329,138.0637,140.3666,137.5997,73888169
2022-09-14,137.653,139.8269,140.0935,136.9847,112632743
2022-09-15,135.5519,137.5912,138.6646,133.3218,98617184
2022-09-16,136.6413,136.528,137.1891,135.2928,51418060
2022-09-19,136.2926,136.1792,136.4994,135.6632,71005303
2022-09-20,137.8614,137.5199,138.9654,136.5008,54639022
2022-09-21,138.9503,137.8337,141.9552,137.2211,75657039
2022-09-22,138.9096,137.9562,139.663,136.9423,102600341
2022-09-23,137.2564,138.9986,139.7259,136.7981,74465875
2022-09-26,134.2473,136.789,138.7922,133.9304,109628273
2022-09-27,133.4556,134.8116,135.3629,132.4137,109042154
2022-09-28,135.2767,133.0201,136.7633,132.0427,134571418
2022-09-29,135.8194,134.9749,135.9687,133.6298,116147880
2022-09-30,133.3901,134.5362,135.5617,133.3315,91997785
2022-10-03,133.8433,133.0884,135.5696,132.3329,51683032
2022-10-04,134.724,132.2212,136.1412,130.89,147107265
2022-10-05,133.0456,133.657,135.4106,132.8146,72009867
2022-10-06,133.4588,133.5514,134.3443,133.1295,133629479
2022-10-07,133.6821,133.9832,134.064,131.0868,55954632
2022-10-10,131.4971,133.9665,135.6834,131.0417,108765512
2022-10-11,132.308,130.8614,132.5685,129.4191,132028383
2022-10-12,133.5268,132.2765,134.4276,131.6788,86900577
2022-10-13,135.8029,133.5244,138.1615,132.4334,109972646
2022-10-14,138.0582,135.0164,138.2524,132.7606,77381819
2022-10-17,135.3157,139.096,139.2331,133.5988,136536512
2022-10-18,133.5204,135.9093,136.5089,131.5123,121284146
2022-10-19,134.6587,133.3729,134.7057,131.3766,122564347
2022-10-20,135.8042,134.6768,137.6458,134.257,73641763
2022-10-21,136.962,135.9457,137.6443,135.0014,129015319
2022-10-24,144.9868,135.5638,145.2125,134.984,113058842
2022-10-25,146.3443,144.8076,147.2136,141.7542,86128129
2022-10-26,148.9542,145.8453,150.5272,145.8414,82532126
2022-10-27,151.2049,148.2082,151.9449,147.8195,148286785
2022-10-28,152.8032,150.9924,152.8485,149.8759,132320668
2022-10-31,152.2029,154.1767,154.7062,150.9683,116075147
2022-11-01,154.0574,152.6906,154.9108,152.5859,111766811
2022-11-02,152.3948,153.6174,155.3457,151.2665,91450835
2022-11-03,151.9753,152.831,152.9327,151.6648,56097020
2022-11-04,150.9905,153.0387,154.8809,149.9089,51196311
2022-11-07,151.2967,151.6885,152.6108,150.8027,131619860
2022-11-08,156.6707,151.3418,156.774,150.1361,79609865
2022-11-09,152.4079,156.1639,157.9849,151.614,116341485
2022-11-10,154.0987,152.9399,154.4799,151.8896,80760593
2022-11-11,150.4942,154.4018,155.3309,150.2117,60675927
2022-11-14,149.5492,151.1678,151.5538,149.5035,131416865
2022-11-15,152.1116,150.0242,153.7428,148.2856,97322239
2022-11-16,152.38,152.9099,155.2038,152.0147,132716985
2022-11-17,150.0385,151.9722,152.1121,149.9782,51462603
2022-11-18,148.5487,151.0268,151.2203,145.4342,128518263
2022-11-21,150.1818,148.6955,150.9884,147.3727,83691077
2022-11-22,148.6567,151.7402,151.999,146.9154,147511084
2022-11-23,149.2583,148.1444,150.1562,146.963,101983779
2022-11-24,149.4797,150.5538,150.9381,149.1441,84741269
2022-11-25,148.1383,149.6276,150.5805,146.0541,65116926
2022-11-28,153.0208,147.6558,154.338,147.2162,94378959
2022-11-29,154.5982,152.6505,154.6246,152.1753,100385335
2022-11-30,150.0257,154.3506,156.6982,149.9619,96992088
2022-12-01,150.5653,150.3438,150.6383,148.8722,136376352
2022-12-02,149.1911,150.9589,151.8144,147.8824,139059475
2022-12-05,151.2181,148.7631,153.0493,148.0185,86183569
2022-12-06,149.5414,151.1997,153.3807,147.9631,130296229
2022-12-07,149.4037,151.1432,153.0586,149.1611,112595266
2022-12-08,150.6549,150.6942,151.0162,149.6907,65614614
2022-12-09,152.7319,150.9836,153.3535,150.9068,54776415
2022-12-12,150.1042,152.7609,154.6932,148.6182,77205484
2022-12-13,149.4711,150.1943,151.2697,148.9243,144294138
2022-12-14,148.5259,149.9297,150.5091,148.475,132322831
2022-12-15,147.1891,147.7663,147.9398,147.1208,127468612
2022-12-16,151.2047,146.9997,153.1549,146.002,73985603
2022-12-19,152.2442,149.9432,153.3365,147.248,107223828
2022-12-20,149.4866,152.5481,152.8758,148.761,87416039
2022-12-21,151.6643,149.9703,152.7456,149.7168,61917042
2022-12-22,156.6134,151.2979,159.3095,149.8453,70901606
2022-12-23,159.1642,157.846,160.0799,157.2248,119765086
2022-12-26,155.6641,158.1887,158.4559,153.3272,98189133
2022-12-27,154.658,154.5243,155.8794,153.7583,93070149
2022-12-28,157.7207,154.8315,157.8864,154.0445,97375247
2022-12-29,156.1727,158.5465,158.644,154.6864,87821420
2022-12-30,157.3373,157.4876,157.7709,156.5515,60176828
2023-01-02,159.2914,156.9763,160.1197,156.7446,55459501
2023-01-03,157.204,160.1505,160.3666,156.4435,91129759
2023-01-04,157.1894,157.1738,157.7452,154.4005,54013582
2023-01-05,149.6728,157.0538,158.4238,148.5987,52872875
2023-01-06,147.4927,150.3341,152.031,145.9884,127327760
2023-01-09,147.0519,147.9738,148.0905,146.2854,131683112
2023-01-10,144.4172,145.8928,145.9148,143.1028,149513653
2023-01-11,148.069,145.4834,148.9079,145.2489,102173294
2023-01-12,145.011,149.0907,149.3689,145.0035,74747780
2023-01-13,144.1699,144.5575,145.6597,143.4792,91592940
2023-01-16,144.5679,144.4552,144.9,143.6828,132743066
2023-01-17,147.809,144.925,148.5332,144.0738,135482326
2023-01-18,144.7438,148.0017,148.4297,144.6488,93762279
2023-01-19,147.385,144.3455,148.7335,143.8175,80071551
2023-01-20,147.5255,146.89,147.6536,145.1793,125303117
2023-01-23,145.4716,147.5067,147.5459,144.6517,119578794
2023-01-24,146.5963,146.3246,146.8404,145.4009,50131936
2023-01-25,147.1513,146.9947,147.3026,146.8962,108557684
2023-01-26,145.9442,146.8786,149.0898,144.2974,93922786
2023-01-27,146.2137,146.5073,147.1504,145.7344,105173904
2023-01-30,145.4856,144.1312,145.5937,143.1384,149242459
2023-01-31,145.8497,146.3213,146.5084,144.2123,69247186
2023-02-01,147.415,144.5811,148.627,143.7738,149718253
2023-02-02,151.04,147.1479,152.5693,146.6263,105394229
2023-02-03,148.3564,150.1944,151.2352,147.7873,88866902
2023-02-06,153.2218,147.396,154.4102,147.0463,61924255
2023-02-07,148.8579,154.1112,154.6378,148.3063,81785895
2023-02-08,148.638,148.5098,149.4065,148.2754,133341196
2023-02-09,150.0686,148.8956,152.2,148.5247,136464762
2023-02-10,150.8212,150.0334,152.2614,147.993,97701715
2023-02-13,149.5331,151.181,152.2926,148.2513,63936930
2023-02-14,149.1859,149.5906,150.788,148.9584,112110920
2023-02-15,148.2021,148.2289,149.0242,147.086,143896476
2023-02-16,147.0104,148.9403,150.5995,145.7961,146878917
2023-02-17,149.0016,146.6475,149.2996,146.1807,125689368
2023-02-20,149.9187,147.8419,150.2649,145.702,88837854
2023-02-21,148.4804,149.5978,149.9093,148.2214,71384981
2023-02-22,150.6028,149.5946,150.7646,148.5802,93026369
2023-02-23,151.4175,151.243,152.3997,150.454,107489324
2023-02-24,153.3849,151.1535,154.3585,149.8359,136266692
2023-02-27,155.0175,153.117,157.186,152.1557,108954235
2023-02-28,153.2759,154.7683,156.3832,152.8216,79969114
2023-03-01,152.1719,154.8675,156.9272,150.4608,142552792
2023-03-02,154.0603,152.4625,155.3329,152.4435,113993927
2023-03-03,155.6557,154.3916,157.0587,153.2771,55219574
2023-03-06,155.7937,156.4575,157.823,154.6623,98521856
2023-03-07,156.2548,155.9797,156.7683,154.0839,60387155
2023-03-08,159.4369,156.0524,160.8472,155.4147,105901099
2023-03-09,158.2135,159.2804,159.5543,156.9091,62433238
2023-03-10,159.7017,158.1568,160.0952,157.3245,129622751
2023-03-13,159.409,159.672,160.6679,158.3192,138677962
2023-03-14,159.0798,159.9889,161.666,157.6901,123971622
2023-03-15,161.8926,159.1211,163.7002,157.9878,129826926
2023-03-16,164.0913,162.4856,164.8292,162.2622,84550325
2023-03-17,166.2905,164.025,166.5689,163.2991,78362071
2023-03-20,169.7464,166.3559,172.0325,164.7914,52670492
2023-03-21,170.0036,168.0505,171.0996,166.8471,64223887
2023-03-22,171.9466,170.7825,173.2738,169.9665,120086163
2023-03-23,171.3527,172.2445,174.4707,170.0527,136820397
2023-03-24,172.3915,172.2078,174.0939,171.5696,82329598
2023-03-27,172.2619,169.8951,173.0783,168.0369,112023737
2023-03-28,172.7192,174.0606,174.0974,171.5472,83119668
2023-03-29,174.4684,172.5987,174.8594,170.8968,74928384
2023-03-30,172.5364,175.4351,176.5714,171.7741,137126721
2023-03-31,178.1587,171.6393,178.7631,170.7803,119824412
2023-04-03,175.684,178.7045,179.382,174.7047,117887955
2023-04-04,172.6951,174.7587,174.7789,171.891,61765788
2023-04-05,175.9024,172.1565,176.6711,171.7978,80725231
2023-04-06,178.2023,177.5858,178.2114,176.8203,85261362
2023-04-07,180.0844,178.0324,180.7131,176.5959,139853600
2023-04-10,181.9979,180.2802,182.1574,177.4496,81766658
2023-04-11,182.1828,182.7896,182.9188,181.6732,134850875
2023-04-12,179.9495,182.6343,183.175,177.6968,64284450
2023-04-13,180.37,180.0848,180.7435,179.9474,94526276
2023-04-14,178.7544,180.6992,183.0102,178.3776,118687322
2023-04-17,181.5835,180.9025,182.3983,179.9196,75435339
2023-04-18,181.4008,181.5312,181.9603,180.9625,93563219
2023-04-19,179.3723,181.5832,182.5957,178.8996,106313452
2023-04-20,178.7229,180.3146,180.7962,177.6764,78963091
2023-04-21,180.0443,179.7108,181.734,179.2291,64912584
2023-04-24,178.738,181.1129,181.6485,178.2859,148121382
2023-04-25,176.748,179.3088,179.4627,176.0845,134558066
2023-04-26,177.6062,175.7379,178.2423,173.579,99388645
2023-04-27,178.4719,179.0567,181.3069,177.3914,124954636
2023-04-28,177.329,177.449,179.0485,176.4601,125156920
2023-05-01,176.2888,177.5973,179.2936,174.855,64136405
2023-05-02,177.114,175.624,177.3165,175.281,73767091
2023-05-03,173.4794,177.0572,179.5112,173.4248,115534828
2023-05-04,170.0251,173.7645,176.8663,169.8421,76668885
2023-05-05,168.3968,170.2983,171.1675,167.947,109233322
2023-05-08,168.0597,168.752,169.4282,166.1353,87562578
2023-05-09,169.0451,169.4157,171.8567,167.5822,81281095
2023-05-10,172.989,169.4285,173.74,167.6499,52361331
2023-05-11,175.4221,172.7778,176.5277,171.918,135044423
2023-05-12,175.2118,176.2677,177.1432,173.349,111394671
2023-05-15,175.372,176.2538,176.4909,174.8293,54348530
2023-05-16,172.9452,174.2956,174.9539,171.4358,91837593
2023-05-17,173.1048,173.4618,176.2085,170.3181,122265622
2023-05-18,172.563,173.7116,174.751,171.1497,149057962
2023-05-19,173.6054,172.3062,175.0952,171.9626,93484059
2023-05-22,171.6595,174.7995,175.1341,170.2243,142393608
2023-05-23,173.2028,171.5307,176.0767,171.3319,135543663
2023-05-24,177.3927,173.3115,178.6975,173.2784,100394662
2023-05-25,177.3162,177.2392,180.9055,176.741,78875186
2023-05-26,178.5974,177.33,179.0061,175.1121,149160843
2023-05-29,180.6606,177.6185,182.2518,176.4555,73254222
2023-05-30,179.7901,179.3598,182.6069,177.1611,106242142
2023-05-31,180.6102,181.2235,183.0061,179.888,68012598
2023-06-01,180.8611,179.8454,181.5798,177.8321,114384973
2023-06-02,181.3431,179.9646,182.0182,179.4353,122337162
2023-06-05,179.458,179.3906,179.6101,176.3768,104864537
2023-06-06,179.7393,178.8847,183.5417,177.9895,111912105
2023-06-07,181.2977,178.5503,183.4776,177.2858,82502170
2023-06-08,185.4616,182.7861,185.838,181.92,94362533
2023-06-09,188.3527,186.398,189.0575,186.2138,149699297
2023-06-12,194.6621,187.7047,196.353,184.7702,143572370
2023-06-13,192.6551,196.8545,197.0088,191.8757,57775679
2023-06-14,195.4072,193.6008,195.8887,191.9608,59929645
2023-06-15,196.1791,195.0898,196.7937,192.7773,70809587
2023-06-16,202.8584,193.7274,203.2951,190.6857,135417897
2023-06-19,200.6422,205.1821,205.7454,200.6363,148506304
2023-06-20,198.3558,199.2482,200.239,196.7507,85569506
2023-06-21,196.8104,196.7239,197.3923,194.6127,108077511
2023-06-22,190.7765,197.8167,198.4134,189.6433,138606138
2023-06-23,189.5009,193.1037,193.1489,188.7652,95905971
2023-06-26,187.5705,190.8125,192.5314,185.7235,99270645
2023-06-27,188.2187,188.0993,188.2961,185.5637,130037806
2023-06-28,189.4094,188.7784,192.0961,187.9283,140505591
2023-06-29,194.9672,190.2176,196.9354,188.8788,102134150
2023-06-30,197.9807,195.707,199.4152,192.596,118571402
2023-07-03,196.505,198.259,199.2959,195.6703,56379878
2023-07-04,194.0927,196.6074,197.5443,193.5723,60463128
2023-07-05,195.7577,194.0319,197.9102,193.5005,105541643
2023-07-06,192.116,195.0198,198.3518,189.7273,111152921
2023-07-07,197.6243,191.8464,202.5851,190.5357,137820133
2023-07-10,201.3577,195.9514,203.0589,195.3011,113872938
2023-07-11,200.1823,201.2587,201.6182,199.4403,67509938
2023-07-12,195.2784,199.1928,199.2803,195.2104,71857908
2023-07-13,199.4785,194.2009,199.9342,193.3337,139911341
2023-07-14,199.3751,199.6579,200.4903,195.3405,108576692
2023-07-17,203.3162,200.7628,204.3657,200.2864,64058071
2023-07-18,198.6976,204.2498,205.1576,198.314,126698319
2023-07-19,197.1496,197.1373,197.2909,195.3221,77616524
2023-07-20,197.4017,196.1741,197.7134,195.5678,120984280
2023-07-21,197.7777,198.3303,198.5703,197.4542,138924540
2023-07-24,196.6798,196.8061,197.113,193.9177,112738549
2023-07-25,198.7534,196.4589,200.5561,193.9867,143490741
2023-07-26,195.809,199.3,200.2464,195.0793,130969656
2023-07-27,195.6258,194.8609,200.2275,194.6258,133377781
2023-07-28,196.2135,195.7289,197.2431,195.6131,63398275
2023-07-31,197.9631,194.9048,198.2715,194.2005,139924682
2023-08-01,200.3137,197.3678,200.3437,197.0599,76859824
2023-08-02,197.1749,200.634,201.2576,195.9788,135276678
2023-08-03,192.8742,195.6044,197.3635,191.1296,121655789
2023-08-04,196.8021,193.299,198.2939,192.336,75897482
2023-08-07,198.0192,196.7828,199.2436,195.7917,132556904
2023-08-08,196.0337,198.5663,199.2129,194.7723,53775702
2023-08-09,200.8301,196.2531,202.3912,194.8474,87644716
2023-08-10,201.4195,202.1999,204.4315,200.4018,73547377
2023-08-11,205.2242,201.5456,206.2532,201.1374,144674459
2023-08-14,205.6783,204.7836,207.0973,203.4397,124007274
2023-08-15,212.2829,205.8041,213.9016,205.7488,52455918
2023-08-16,218.1271,212.8596,219.0224,212.0852,58053048
2023-08-17,217.5743,218.1804,219.446,216.6754,62194329
2023-08-18,221.0062,217.6184,221.9188,217.2764,64042008
2023-08-21,223.4109,220.2305,224.5574,219.8678,111086560
2023-08-22,228.2655,222.6704,229.0542,221.3404,75476259
2023-08-23,225.2355,226.6646,228.116,224.917,92101517
2023-08-24,227.8236,227.2058,229.1984,224.391,74365389
2023-08-25,231.714,226.4067,233.9179,225.5171,57955229
2023-08-28,225.8792,230.9113,232.2197,225.3644,104062018
2023-08-29,222.1412,225.0679,225.7007,221.6859,111158095
2023-08-30,215.6128,223.1352,225.0455,215.1962,137574253
2023-08-31,215.0002,215.2948,215.3405,214.894,97152541
2023-09-01,217.5723,216.3415,219.1073,215.5117,65239667
2023-09-04,222.7364,216.8396,223.027,215.3226,141895886
2023-09-05,223.2513,223.0472,224.5817,221.8877,112648941
2023-09-06,228.973,222.3188,230.2098,220.1789,85534839
2023-09-07,224.5077,231.4289,231.6965,222.6361,123252056
2023-09-08,219.0408,223.1746,224.5894,218.187,86832178
2023-09-11,219.1211,219.3801,219.9206,218.5042,50801125
2023-09-12,220.6464,219.8155,223.989,218.4614,102718185
2023-09-13,220.803,221.1029,221.4802,218.5135,136884858
2023-09-14,214.2205,220.5984,220.6006,213.4388,64775854
2023-09-15,214.1912,214.0814,215.5913,213.7707,147402036
2023-09-18,210.2571,214.2381,215.368,209.2563,69470911
2023-09-19,212.6215,210.1026,214.2163,209.1657,135654773
2023-09-20,214.0458,213.6462,216.7986,212.9403,149786995
2023-09-21,211.285,216.4116,217.7321,209.7187,144265849
2023-09-22,209.91,210.6961,211.9925,209.8572,126807487
2023-09-25,206.8268,208.4723,210.0399,205.423,55254230
2023-09-26,206.8805,206.7355,208.2533,205.7876,87411032
2023-09-27,210.0928,209.549,210.4186,206.5552,62901865
2023-09-28,207.2385,209.2486,209.6913,206.6423,100433542
2023-09-29,209.054,208.9369,212.4054,208.4336,94476240
2023-10-02,207.6421,210.8077,211.8793,207.3367,123297617
2023-10-03,205.4218,207.0674,209.1203,200.9961,93547632
2023-10-04,205.3385,206.0062,206.105,204.7639,87221001
2023-10-05,202.3963,207.0104,207.4697,200.7705,103560760
2023-10-06,200.9583,202.0126,204.2116,200.8048,84603398
2023-10-09,197.5886,200.7537,202.8557,194.7809,132620796
2023-10-10,203.6488,197.0139,208.5682,196.8869,124984753
2023-10-11,204.0009,202.6155,204.301,201.2652,119198496
2023-10-12,202.1045,203.3386,206.2676,200.6245,57834112
2023-10-13,202.9958,200.8677,205.0078,199.9846,77006699
2023-10-16,202.8973,203.0304,203.3709,202.7078,121908276
2023-10-17,202.4683,202.1162,203.2646,201.0885,133199163
2023-10-18,204.5765,202.705,205.8974,199.8852,77534241
2023-10-19,207.1465,202.985,208.7598,202.4633,79361667
2023-10-20,205.7467,207.4892,208.2799,202.7304,117068816
2023-10-23,204.2165,206.6042,207.4397,202.8864,141615658
2023-10-24,203.619,202.1807,205.3461,201.401,95949429
2023-10-25,196.8326,203.9999,208.5036,196.252,140693120
2023-10-26,192.5953,198.0409,198.6626,191.9885,96016582
2023-10-27,196.7752,191.4304,197.5764,188.4783,56355421
2023-10-30,201.8666,198.4208,201.9079,197.9781,135449905
2023-10-31,201.3548,202.2896,205.1525,199.9934,70805820
2023-11-01,203.3378,200.645,204.4679,200.5665,112198050
2023-11-02,204.5311,203.2811,205.2008,200.9959,147615367
2023-11-03,214.2225,205.1021,215.1207,205.0161,57433980
2023-11-06,218.0771,214.3039,218.3429,211.3823,68301847
2023-11-07,217.9204,218.6646,220.1033,215.7466,143466578
2023-11-08,215.0584,216.9172,218.8626,214.9517,111065507
2023-11-09,210.1343,215.2405,215.2409,208.5348,88778801
2023-11-10,211.0278,208.6489,211.0435,208.0372,122070778
2023-11-13,208.8868,210.9104,211.4637,206.0395,145098666
2023-11-14,204.6811,207.9428,208.2009,203.1674,64390554
2023-11-15,202.9416,203.9284,205.2745,200.4042,57595853
2023-11-16,199.8928,204.1959,205.6124,199.4547,141537041
2023-11-17,205.1914,200.9835,206.2717,200.5922,118015259
2023-11-20,208.1512,205.8163,208.657,205.3227,114750075
2023-11-21,208.3761,207.0144,210.6197,203.8609,66188828
2023-11-22,213.2519,208.0464,214.6496,205.3402,129325711
2023-11-23,213.7553,214.5454,215.3628,209.9611,58288515
2023-11-24,211.2502,213.9068,215.4031,210.9815,138691108
2023-11-27,216.3301,213.7,216.7845,213.1946,127805072
2023-11-28,218.3385,216.7556,218.6766,214.1257,58884527
2023-11-29,215.2034,218.5481,220.0358,212.6607,78447661
2023-11-30,214.8472,214.8708,215.1069,212.8401,72048729
2023-12-01,212.2832,214.9907,215.6623,211.9151,55005231
2023-12-04,208.0923,212.1214,212.2965,206.2656,60698216
2023-12-05,211.1914,208.8291,211.6397,207.8453,118456067
2023-12-06,217.4513,212.2016,218.4651,210.7802,106998429
2023-12-07,213.107,216.5968,220.8227,212.0706,125964061
2023-12-08,215.1197,211.6885,215.3508,210.7755,60781973
2023-12-11,213.2353,213.1447,215.6623,212.2098,84741450
2023-12-12,211.8905,213.7769,215.3609,210.4779,93635777
2023-12-13,210.2195,210.7215,212.3489,208.3614,71874795
2023-12-14,207.7053,207.9566,210.0131,207.3388,90966411
2023-12-15,208.0642,208.1089,208.2565,206.0369,119376221
2023-12-18,205.6789,210.6577,210.9902,204.8345,118908835
2023-12-19,206.719,205.6726,207.7404,204.4914,59532945
2023-12-20,206.7699,207.5856,208.1105,206.3886,83059070
2023-12-21,206.2356,206.8545,207.8735,204.2892,64517702
2023-12-22,203.6342,206.1336,208.1189,203.318,145525116
2023-12-25,202.0761,204.57,204.7982,201.2173,95525374
2023-12-26,204.5679,201.7828,205.3046,201.0017,50573881
2023-12-27,206.3095,204.8414,206.3104,203.035,131602393
2023-12-28,203.4907,206.6414,207.6352,202.3815,59407062
2023-12-29,203.9973,202.8109,206.3537,202.1479,106628313
2024-01-01,206.5006,205.0092,210.2939,204.5044,139779948
2024-01-02,201.5361,206.3199,207.2286,200.184,132188677
2024-01-03,203.3802,200.7745,205.3663,199.3503,64242373
2024-01-04,201.5621,203.9258,204.7548,200.6997,91163819
2024-01-05,203.4888,200.6566,203.7294,198.6838,88807239
2024-01-08,201.3626,203.5175,204.2555,200.336,137764631
2024-01-09,196.1124,201.3534,203.6931,195.3933,53301394
2024-01-10,191.5208,197.1772,197.6926,188.3231,119936228
2024-01-11,191.8505,191.9754,192.4369,190.9532,120463377
2024-01-12,192.7898,191.8265,193.7494,191.7788,127933150
2024-01-15,190.3674,193.578,195.3417,188.982,95069853
2024-01-16,192.3813,191.6906,193.9805,190.2545,118722424
2024-01-17,187.779,192.9178,193.0348,186.7758,136179753
2024-01-18,187.7806,187.7887,188.796,187.3417,103807136
2024-01-19,184.5573,186.5489,188.1486,184.2807,70080139
2024-01-22,182.9374,183.5745,185.8563,179.6617,105975541
2024-01-23,183.2504,182.6582,184.4494,179.5593,144773402
2024-01-24,181.0686,182.6919,183.242,180.1895,109147144
2024-01-25,180.2052,180.8993,182.2047,179.5453,105436107
2024-01-26,183.1054,180.2562,184.3794,176.2942,58103670
2024-01-29,181.7041,183.5904,185.2433,180.9776,84104860
2024-01-30,184.1635,181.64,185.9159,180.8753,68866922
2024-01-31,181.2269,184.6115,187.0375,179.2141,80836413
2024-02-01,182.8484,181.2853,184.1658,180.7269,83467508
2024-02-02,186.985,181.0423,187.94,180.4876,60117390
2024-02-05,180.2396,186.1068,186.5961,180.0359,121414529
2024-02-06,178.2654,180.1098,180.9789,175.2269,131417907
2024-02-07,179.9867,177.1871,180.7702,176.0982,75562996
2024-02-08,179.6185,180.5266,180.7617,179.309,147534123
2024-02-09,180.7981,180.9933,181.0525,180.063,59003281
2024-02-12,179.3409,181.8999,183.3582,173.7078,74529154
2024-02-13,179.7532,179.1495,180.8185,176.1626,57660678
2024-02-14,179.5132,181.093,181.8365,177.0363,143765329
2024-02-15,182.8372,179.6466,183.1716,179.2335,85284715
2024-02-16,183.7178,182.529,185.1792,182.1095,59142693
2024-02-19,184.8319,183.1543,188.6207,183.0876,71807008
2024-02-20,183.8748,184.5523,184.8344,183.2507,148236779
2024-02-21,182.7138,183.5179,187.06,181.8808,123498554
2024-02-22,181.711,182.8695,184.0173,181.232,90320606
2024-02-23,182.9678,181.8569,182.996,179.6496,84306425
2024-02-26,181.9954,182.9706,183.3554,180.9026,65678986
2024-02-27,182.9685,182.393,183.0013,181.7857,109445827
2024-02-28,188.8474,184.0577,189.674,182.3937,101159930
2024-02-29,191.5039,189.744,193.313,189.0609,112155971
2024-03-01,190.7589,190.0821,192.4594,188.1704,90170352
2024-03-04,194.3868,188.323,195.4993,187.5164,65234145
2024-03-05,193.3913,195.2949,196.4169,192.8367,129600220
2024-03-06,187.6724,192.0696,192.7433,186.5749,74090583
2024-03-07,185.0222,187.4615,187.4909,183.9003,107691307
2024-03-08,180.0151,183.9397,184.9298,179.0279,77740293
2024-03-11,179.246,178.3932,180.0946,175.755,63552664
2024-03-12,179.4748,179.7313,180.2403,179.2227,83872374
2024-03-13,184.1674,180.156,185.0125,179.1923,70671672
2024-03-14,185.2547,183.6365,185.4057,183.4925,112565460
2024-03-15,184.8311,182.8547,187.1216,180.959,83891894
2024-03-18,187.3155,184.3263,189.1723,183.2663,137814287
2024-03-19,181.2901,187.6824,189.8858,180.2096,146819038
2024-03-20,182.1121,179.9495,182.3521,179.6692,92364813
2024-03-21,184.4,182.279,184.475,182.1854,85985062
2024-03-22,180.4946,184.3858,184.6415,180.3621,98702875
2024-03-25,183.7717,181.0174,184.1304,180.6521,88117599
2024-03-26,184.8886,183.8816,185.2187,183.7106,57463131
2024-03-27,183.9217,183.989,186.182,183.6058,111550770
2024-03-28,185.8514,185.0221,188.2316,182.6862,52795126
2024-03-29,192.3674,185.7041,193.6424,184.24,91169328
2024-04-01,193.0845,192.3411,193.244,191.0037,89117064
2024-04-02,193.9965,192.1835,196.5467,191.4832,140284985
2024-04-03,192.8538,193.5666,193.8389,191.4819,80535317
2024-04-04,190.5882,192.0006,194.5527,189.1317,103059012
2024-04-05,193.1526,190.4234,193.1849,189.0889,95566678
2024-04-08,190.8654,194.8057,195.1652,188.6168,77883716
2024-04-09,191.2612,189.5562,193.1894,188.6403,108807849
2024-04-10,190.0821,189.7181,191.0194,189.3697,59079860
2024-04-11,191.6379,191.4803,192.2131,188.9689,84456905
2024-04-12,192.7886,191.4373,193.2787,190.8362,100457850
2024-04-15,195.9818,192.1437,197.9912,190.6118,94117798
2024-04-16,194.6785,197.0008,197.8798,193.952,125616014
2024-04-17,194.0851,194.089,195.8148,193.0906,51417158
2024-04-18,191.4297,195.8571,196.2433,191.138,68613148
2024-04-19,190.3454,192.0786,192.8442,189.8519,103004410
2024-04-22,191.613,189.881,193.3607,188.1376,80566254
2024-04-23,193.9803,193.6798,196.4331,193.5478,127141378
2024-04-24,191.4911,193.3928,194.9633,186.9089,113539547
2024-04-25,194.1804,192.2016,195.44,191.9142,100281422
2024-04-26,198.3232,194.471,200.3184,191.9343,68292770
2024-04-29,199.7514,199.614,200.1254,197.6881,135470725
2024-04-30,205.5745,201.311,206.3415,200.059,93390347
2024-05-01,203.394,205.6074,207.2314,202.6347,147897070
2024-05-02,199.8001,202.6278,202.7509,197.3689,97484197
2024-05-03,194.6691,200.2596,200.772,193.1913,100283084
2024-05-06,199.2322,194.0094,199.4741,191.2974,114060764
2024-05-07,201.387,201.2379,202.7325,199.7372,112467218
2024-05-08,201.4205,201.5245,204.8933,201.0393,86785218
2024-05-09,202.4678,201.0526,205.0718,199.226,83432455
2024-05-10,199.2521,202.6548,202.9543,197.4887,138562183
2024-05-13,206.7612,197.9101,210.1084,196.6046,78616825
2024-05-14,207.3687,205.7568,207.38,204.755,137302483
2024-05-15,207.9164,208.6134,208.9305,207.0365,74416430
2024-05-16,210.3878,207.2335,210.9894,205.4819,74467331
2024-05-17,212.1161,209.2865,212.4223,207.2387,81499954
2024-05-20,213.0406,212.6853,215.3804,212.2449,87175852
2024-05-21,210.7276,214.3036,218.0957,210.1333,144663815
2024-05-22,212.4286,211.4851,215.0346,210.5202,98815958
2024-05-23,218.638,213.4865,221.1286,210.3771,137829519
2024-05-24,223.269,217.8106,223.7453,217.3401,65111500
2024-05-27,228.8279,221.6818,229.6137,218.2905,63028847
2024-05-28,227.302,230.5456,231.6312,227.1772,111597704
2024-05-29,224.1552,226.9353,229.8367,221.7015,84806093
2024-05-30,223.9565,223.8741,224.7845,220.3149,145739212
2024-05-31,224.3676,225.4438,229.0947,222.7318,135000180
2024-06-03,228.2745,224.9916,230.7639,224.8013,124925048
2024-06-04,222.7076,228.7948,229.1421,220.4561,98503110
2024-06-05,228.0399,225.1184,229.2476,223.5942,68286606
2024-06-06,227.7275,227.3062,228.5034,226.3179,105043685
2024-06-07,226.497,228.784,228.819,226.135,92258657
2024-06-10,223.2849,226.5616,227.7243,222.8133,93036055
2024-06-11,217.9657,223.5848,224.4574,215.747,138356836
2024-06-12,220.875,219.6314,224.0632,218.3444,108811819
2024-06-13,221.3388,221.4358,221.774,220.8275,111569024
2024-06-14,217.2773,221.9345,223.2124,214.4008,126843273
2024-06-17,213.2737,218.4425,220.7025,211.6357,86382186
2024-06-18,212.4128,212.8845,214.5134,212.2043,122062663
2024-06-19,217.943,211.5215,218.7667,211.3635,115981367
2024-06-20,217.3123,216.8045,219.8925,214.8442,110411248
2024-06-21,212.6299,215.1758,215.7879,208.5275,113082456
2024-06-24,212.0587,214.8159,215.3539,209.4862,108570763
2024-06-25,211.4033,210.889,211.4045,209.8731,115633624
2024-06-26,203.0627,211.1694,213.2818,202.9457,58351184
2024-06-27,203.1004,202.7817,204.0826,202.4374,115431227
2024-06-28,202.6,203.4126,204.8484,201.0571,79025773
2024-07-01,204.9183,203.4263,205.6595,203.3002,129721839
2024-07-02,210.8065,205.8,211.5992,205.3756,92197411
2024-07-03,214.5796,210.1919,215.036,208.1039,111803384
2024-07-04,213.9287,214.4003,215.1494,213.3568,139143466
2024-07-05,210.5919,214.231,214.3443,210.3303,63856901
2024-07-08,218.9314,210.33,222.609,207.1199,93105220
2024-07-09,219.3448,220.6909,221.127,217.8351,99309098
2024-07-10,219.61,219.8833,220.5136,218.8833,117529752
2024-07-11,219.7501,220.4169,221.5588,216.4316,125404817
2024-07-12,220.6228,220.4785,221.9363,219.4968,143637821
2024-07-15,220.3657,221.9173,222.239,218.0114,80663820
2024-07-16,218.6898,220.5652,221.711,217.8395,69973915
2024-07-17,217.1146,217.2718,219.5685,214.4271,111237905
2024-07-18,217.2251,217.5485,220.0192,215.3436,119319994
2024-07-19,215.6716,216.5176,217.5577,214.8588,67984955
2024-07-22,213.5812,215.1016,218.3136,213.4212,108508606
2024-07-23,214.1358,214.2074,215.9339,211.8646,110921272
2024-07-24,213.5309,215.4616,216.6416,211.3321,122239282
2024-07-25,218.5617,213.5536,219.9441,211.1667,130086071
2024-07-26,210.0892,218.8992,222.3492,209.1084,69494042
2024-07-29,213.739,211.8773,215.2653,210.1172,118597407
2024-07-30,217.9478,213.9963,220.0596,211.3952,139739374
2024-07-31,211.3874,220.783,222.0737,206.5979,81905928
2024-08-01,210.5122,211.9851,212.0093,209.7524,89483623
2024-08-02,209.5498,208.6589,211.149,207.7379,123525979
2024-08-05,205.3352,210.3391,211.024,203.3635,148232800
2024-08-06,203.1448,205.7265,206.8561,202.3921,145427651
2024-08-07,199.9639,204.4549,204.6281,199.3057,139473837
2024-08-08,205.4197,200.6369,206.3801,198.7848,134997368
2024-08-09,208.5082,205.2775,211.805,202.207,70075489
2024-08-12,212.6937,207.2318,215.3553,206.5877,93714543
2024-08-13,215.2088,212.4714,217.9931,212.1477,132551106
2024-08-14,211.7793,214.2936,214.4725,211.0182,74093575
2024-08-15,210.3248,211.1645,212.6829,209.467,129947269
2024-08-16,212.079,210.9438,214.3361,210.8856,92547151
2024-08-19,208.4033,213.8498,214.1733,204.2547,62299695
2024-08-20,210.8406,208.8146,212.3951,207.7149,140209766
2024-08-21,210.2914,209.5799,210.5059,208.8195,127941341
2024-08-22,209.3193,210.7588,213.3068,207.6744,143022636
2024-08-23,211.7609,210.5717,214.2193,210.4724,128056716
2024-08-26,213.3838,211.1153,213.4045,210.3605,106925892
2024-08-27,212.4419,213.2409,215.3773,211.8597,63811224
2024-08-28,216.3487,212.4575,216.978,212.1677,134717715
2024-08-29,213.0567,215.4996,217.0286,211.4158,147846389
2024-08-30,215.2382,213.7473,215.9627,213.394,119853550
2024-09-02,217.3683,215.108,221.8969,214.0579,137116625
2024-09-03,216.5764,217.8243,218.171,216.3044,141464769
2024-09-04,217.8525,215.6153,218.6136,214.6036,117340278
2024-09-05,213.9819,217.376,218.079,213.5981,129948588
2024-09-06,217.1618,214.7548,219.3087,213.5271,77229553
2024-09-09,216.7767,216.757,218.6341,213.2023,133693742
2024-09-10,215.2937,218.6485,219.8383,213.2974,119510974
2024-09-11,218.8967,214.8635,220.985,214.2855,51643083
2024-09-12,216.8029,219.1426,222.2607,216.0649,93958766
2024-09-13,212.4393,217.8138,218.3708,210.4046,61791470
2024-09-16,207.6914,210.9327,211.7835,205.4124,76576632
2024-09-17,209.7871,205.8629,209.9239,204.6945,146456118
2024-09-18,205.9676,208.1868,208.7658,205.4921,55050058
2024-09-19,211.595,207.2679,212.4198,205.9683,50021650
2024-09-20,205.1987,211.0112,212.1518,202.3507,103355494
2024-09-23,210.6256,207.8234,210.6831,206.399,144147892
2024-09-24,211.5029,210.0314,213.3425,209.0979,127836661
2024-09-25,211.4076,211.6981,213.537,211.0619,99363500
2024-09-26,209.891,213.0376,214.1955,207.8724,75372075
2024-09-27,211.3575,211.9963,213.9446,210.6885,140711767
2024-09-30,211.4495,213.5361,214.6743,210.9125,74556224
2024-10-01,215.1604,212.7271,215.9566,212.1606,64701106
2024-10-02,215.7442,216.2621,219.2479,215.583,139906090
2024-10-03,216.4463,216.3834,217.6196,215.4671,90676214
2024-10-04,215.4823,217.2887,219.3644,212.8715,129567573
2024-10-07,215.5137,214.8884,217.2053,214.3355,121622071
2024-10-08,216.7242,214.632,217.5294,211.6187,126914165
2024-10-09,211.3814,216.7206,217.5217,211.3503,81239442
2024-10-10,207.3181,211.2016,212.5252,206.9445,143169489
2024-10-11,209.8368,206.8483,210.259,205.702,102056502
2024-10-14,210.5844,210.5674,211.591,208.4292,147283803
2024-10-15,210.2139,211.5903,213.998,207.3507,109103067
2024-10-16,210.4822,210.3068,213.4102,209.9664,105027643
2024-10-17,211.7901,212.0372,213.6976,209.0252,118117178
2024-10-18,210.2871,210.5811,210.7248,209.0539,136379410
2024-10-21,208.0424,210.0835,211.4419,205.0165,143992475
2024-10-22,208.8616,207.2968,210.2492,206.0113,148421626
2024-10-23,206.0053,206.9124,207.7773,205.0939,73507635
2024-10-24,207.4728,205.9201,208.1673,205.5346,147380604
2024-10-25,202.3817,207.3465,209.6715,201.9793,134597796
2024-10-28,205.7083,203.9132,206.7787,201.9547,69544473
2024-10-29,207.3723,206.3571,209.8659,206.1254,115017442
2024-10-30,208.3761,206.3104,210.1297,203.0637,114370273
2024-10-31,211.656,210.3078,213.3459,208.4282,91096674
2024-11-01,217.1553,212.9482,217.8223,212.6316,145110311
2024-11-04,220.6765,217.7873,221.1183,217.2472,124467919
2024-11-05,214.8037,220.4266,223.9458,214.7064,133800357
2024-11-06,210.8956,213.7732,219.0917,208.839,134231510
2024-11-07,209.1299,210.5031,211.5248,205.8656,75994235
2024-11-08,209.4209,210.2684,210.5765,209.1803,93883023
2024-11-11,211.2564,211.3942,212.2982,208.184,83511963
2024-11-12,209.1679,212.8865,214.3983,207.8967,132489327
2024-11-13,209.9631,208.6567,210.5017,208.499,131260962
2024-11-14,207.794,208.7877,211.7862,207.0965,140198459
2024-11-15,206.0958,207.9404,208.3231,204.6714,84401837
2024-11-18,201.9532,204.2734,205.0868,199.8861,97582023
2024-11-19,199.3584,202.2796,203.3572,197.697,60680555
2024-11-20,195.5158,199.2113,199.8832,194.603,99063350
2024-11-21,192.8493,195.0602,196.3693,192.6495,100565110
2024-11-22,196.0901,191.3116,197.0584,190.4241,89897301
2024-11-25,193.4936,196.5936,197.4717,192.3994,69763284
2024-11-26,201.3274,192.9783,203.0993,191.6574,53401447
2024-11-27,203.0185,200.1497,203.7323,197.5085,61038804
2024-11-28,203.7844,200.1029,205.0542,198.389,147851288
2024-11-29,201.3643,203.7563,204.5025,200.189,62176872
2024-12-02,203.681,203.1487,206.4095,202.5613,139401408
2024-12-03,202.126,205.3728,205.382,200.0349,95643397
2024-12-04,202.698,201.664,203.7824,200.7406,100205334
2024-12-05,210.6846,202.0877,212.5246,201.3592,142684914
2024-12-06,210.5917,211.1784,211.8324,207.4415,105701567
2024-12-09,214.4327,209.5404,215.6258,207.5929,102096342
2024-12-10,212.3853,214.7562,216.215,211.9043,114650154
2024-12-11,212.4863,213.1989,213.7003,211.9748,106803178
2024-12-12,218.3428,213.7898,218.4679,211.7212,102138902
2024-12-13,216.5078,218.2335,220.8835,215.834,110392605
2024-12-16,222.6104,216.2873,223.2462,215.8521,55002828
2024-12-17,225.1963,221.6332,226.8004,221.2887,50131562
2024-12-18,223.5215,224.2653,225.2972,222.17,76218129
2024-12-19,225.8654,223.2684,226.7701,221.3953,106235862
2024-12-20,229.3863,226.2803,229.4776,223.2836,72367456
2024-12-23,231.7552,230.4341,231.7683,229.5426,62841272
2024-12-24,226.5283,230.8245,232.0438,225.4189,98593510
2024-12-25,224.2841,228.219,229.4949,223.4027,145441814
2024-12-26,223.6756,223.98,224.7343,223.035,60782554
2024-12-27,223.6496,223.6517,224.5321,223.4002,83444652
2024-12-30,225.9554,222.814,226.9063,221.4956,75136043
2024-12-31,226.7837,223.2166,230.6904,219.807,147097169
